id,fromRole,fromName,fromEmail,toDriverId,toRole,toName,toEmail,subject,body,createdAt,read,trashed
msg_seed01,admin,Dispatch (James R.),dispatch@ntlsb.com,drv_01,driver,Mike Torres,,Route change — HOU-40-0001,Customer moved the Katy delivery to the afternoon. Please start the run after 1 PM and call ahead. Thanks.,2026-06-30T15:30:00.000Z,true,false
msg_seed02,customer,Westfield Storage,ops@westfieldstorage.com,drv_01,driver,Mike Torres,,Gate code for delivery,Hi — the yard gate code is 4821. Forklift is on site if you need it. Ask for Manny.,2026-06-30T18:05:00.000Z,true,false
msg_seed03,admin,Dispatch (James R.),dispatch@ntlsb.com,drv_01,driver,Mike Torres,,Fuel card updated,Your fuel card PIN was reset. New PIN is in the driver portal under Settings.,2026-06-29T09:12:00.000Z,true,false
msg_msgyl6os6268ce1b14,admin,Dispatch,,drv_msgyl6o704b0133545,driver,Denise Walker,,New delivery — CDI-20-0002 on 2026-08-07,"You've been assigned CDI-20-0002 on 2026-08-07.

Deliver to: 801 Key Hwy, Baltimore, MD 21230
Customer: Chesapeake Event Rentals · (443) 555-0187
Order: ORD-0094 ($570 rental)",2026-08-06T03:31:09.724Z,false,false
msg_msgyl6oxc4a29022b3,admin,Dispatch,,drv_msgyl6o8d7226acdbc,driver,Marcus Lee,,New delivery — CDI-20-0003 on 2026-08-07,"You've been assigned CDI-20-0003 on 2026-08-07.

Deliver to: 7200 Washington Blvd, Elkridge, MD 21075
Customer: Patapsco Farm Supply · (410) 555-0456
Order: ORD-0095 ($2,525 purchase)",2026-08-06T03:31:09.729Z,false,false
